combo_id,window_size,lr_actor,dyn_sim_M,dyn_sim_deterministic,dyn_sim_pl_weight,lam,actor_weight,kappa_unc,kf_mode,dyn_use_sim,kf_q,kf_r,evaluate_best_on_test,seed,best_val_sharpe,best_val_sharpe_epoch,best_policy_path,used_best_policy,used_policy_epoch,used_policy_path,test_sharpe,test_total_return,test_mean_return,test_std_return,min_return
0,10,0.001,20,True,0.1,1.0,1.0,1.0,learned,True,0.00022,0.00015,False,5,2.2368271350860596,5445,grid_search_results/policies/policy_combo0_seed5.pt,False,9999,grid_search_results/final_policies/final_policy_combo0_seed5.pt,0.6521554589271545,1.0944178104400635,0.000300693791359663,0.007319358643144369,-0.06722569465637207
0,10,0.001,20,True,0.1,1.0,1.0,1.0,learned,True,0.00022,0.00015,False,6,2.4292232990264893,5950,grid_search_results/policies/policy_combo0_seed6.pt,False,9999,grid_search_results/final_policies/final_policy_combo0_seed6.pt,-0.13828061521053314,0.9668179750442505,-0.00010567514254944399,0.012131414376199245,-0.163038969039917
0,10,0.001,20,True,0.1,1.0,1.0,1.0,learned,True,0.00022,0.00015,False,2,2.1355996131896973,1960,grid_search_results/policies/policy_combo0_seed2.pt,False,9999,grid_search_results/final_policies/final_policy_combo0_seed2.pt,0.6590128540992737,1.1191662549972534,0.00037951042759232223,0.009141755290329456,-0.08991724252700806
0,10,0.001,20,True,0.1,1.0,1.0,1.0,learned,True,0.00022,0.00015,False,0,2.1972339153289795,6070,grid_search_results/policies/policy_combo0_seed0.pt,False,9999,grid_search_results/final_policies/final_policy_combo0_seed0.pt,1.7027835845947266,1.2364122867584229,0.0007529055001214147,0.0070190876722335815,-0.04938775300979614
0,10,0.001,20,True,0.1,1.0,1.0,1.0,learned,True,0.00022,0.00015,False,1,2.2007434368133545,1715,grid_search_results/policies/policy_combo0_seed1.pt,False,9999,grid_search_results/final_policies/final_policy_combo0_seed1.pt,1.1197224855422974,1.1921699047088623,0.0006120058824308217,0.008676508441567421,-0.10280537605285645
0,10,0.001,20,True,0.1,1.0,1.0,1.0,learned,True,0.00022,0.00015,False,3,2.481818675994873,6885,grid_search_results/policies/policy_combo0_seed3.pt,False,9999,grid_search_results/final_policies/final_policy_combo0_seed3.pt,1.0326173305511475,1.1781368255615234,0.0005673149134963751,0.00872136652469635,-0.1173698902130127
0,10,0.001,20,True,0.1,1.0,1.0,1.0,learned,True,0.00022,0.00015,False,4,2.269082546234131,2040,grid_search_results/policies/policy_combo0_seed4.pt,False,9999,grid_search_results/final_policies/final_policy_combo0_seed4.pt,1.259029746055603,1.2194005250930786,0.0006987279048189521,0.008809918537735939,-0.08317506313323975
0,10,0.001,20,True,0.1,1.0,1.0,1.0,learned,True,0.00022,0.00015,False,8,2.547013998031616,4930,grid_search_results/policies/policy_combo0_seed8.pt,False,9999,grid_search_results/final_policies/final_policy_combo0_seed8.pt,1.0165742635726929,1.1726148128509521,0.0005497286911122501,0.008584382943809032,-0.10188287496566772
0,10,0.001,20,True,0.1,1.0,1.0,1.0,learned,True,0.00022,0.00015,False,9,2.324477195739746,2425,grid_search_results/policies/policy_combo0_seed9.pt,False,9999,grid_search_results/final_policies/final_policy_combo0_seed9.pt,1.4635874032974243,1.263414740562439,0.0008389005670323968,0.009098956361413002,-0.0788840651512146
0,10,0.001,20,True,0.1,1.0,1.0,1.0,learned,True,0.00022,0.00015,False,11,2.0371205806732178,2870,grid_search_results/policies/policy_combo0_seed11.pt,False,9999,grid_search_results/final_policies/final_policy_combo0_seed11.pt,0.9339650273323059,1.1741306781768799,0.0005545563180930912,0.009425726719200611,-0.12017011642456055
0,10,0.001,20,True,0.1,1.0,1.0,1.0,learned,True,0.00022,0.00015,False,13,2.145846128463745,3875,grid_search_results/policies/policy_combo0_seed13.pt,False,9999,grid_search_results/final_policies/final_policy_combo0_seed13.pt,1.6873687505722046,1.2490317821502686,0.0007930946303531528,0.007461303845047951,-0.0745236873626709
0,10,0.001,20,True,0.1,1.0,1.0,1.0,learned,True,0.00022,0.00015,False,12,1.9639822244644165,6545,grid_search_results/policies/policy_combo0_seed12.pt,False,9999,grid_search_results/final_policies/final_policy_combo0_seed12.pt,1.2856881618499756,1.221634030342102,0.0007058408809825778,0.00871507078409195,-0.11203426122665405
0,10,0.001,20,True,0.1,1.0,1.0,1.0,learned,True,0.00022,0.00015,False,15,2.1722922325134277,2325,grid_search_results/policies/policy_combo0_seed15.pt,False,9999,grid_search_results/final_policies/final_policy_combo0_seed15.pt,0.18581892549991608,1.0346181392669678,0.00011024882405763492,0.009418545290827751,-0.12195318937301636
0,10,0.001,20,True,0.1,1.0,1.0,1.0,learned,True,0.00022,0.00015,False,14,2.114227533340454,2310,grid_search_results/policies/policy_combo0_seed14.pt,False,9999,grid_search_results/final_policies/final_policy_combo0_seed14.pt,0.28816312551498413,1.054821252822876,0.00017458999354857951,0.009617910720407963,-0.14083373546600342
0,10,0.001,20,True,0.1,1.0,1.0,1.0,learned,True,0.00022,0.00015,False,16,2.330157518386841,3100,grid_search_results/policies/policy_combo0_seed16.pt,False,9999,grid_search_results/final_policies/final_policy_combo0_seed16.pt,2.4363832473754883,1.3207333087921143,0.0010214436333626509,0.006655312608927488,-0.05670040845870972
0,10,0.001,20,True,0.1,1.0,1.0,1.0,learned,True,0.00022,0.00015,False,19,2.1729485988616943,1585,grid_search_results/policies/policy_combo0_seed19.pt,False,9999,grid_search_results/final_policies/final_policy_combo0_seed19.pt,1.1490058898925781,1.1989532709121704,0.0006336093065328896,0.008753849193453789,-0.08684617280960083
0,10,0.001,20,True,0.1,1.0,1.0,1.0,learned,True,0.00022,0.00015,False,20,2.325310707092285,6785,grid_search_results/policies/policy_combo0_seed20.pt,False,9999,grid_search_results/final_policies/final_policy_combo0_seed20.pt,1.200779914855957,1.1615773439407349,0.0005145776085555553,0.006802790332585573,-0.06651324033737183
0,10,0.001,20,True,0.1,1.0,1.0,1.0,learned,True,0.00022,0.00015,False,21,2.3287320137023926,5365,grid_search_results/policies/policy_combo0_seed21.pt,False,9999,grid_search_results/final_policies/final_policy_combo0_seed21.pt,0.5260952115058899,1.0808920860290527,0.00025761828874237835,0.007773418910801411,-0.08426928520202637
0,10,0.001,20,True,0.1,1.0,1.0,1.0,learned,True,0.00022,0.00015,False,22,2.230867624282837,3135,grid_search_results/policies/policy_combo0_seed22.pt,False,9999,grid_search_results/final_policies/final_policy_combo0_seed22.pt,0.6036867499351501,1.1261136531829834,0.000401635974412784,0.010561383329331875,-0.12219798564910889
0,10,0.001,20,True,0.1,1.0,1.0,1.0,learned,True,0.00022,0.00015,False,23,1.8861217498779297,2375,grid_search_results/policies/policy_combo0_seed23.pt,False,9999,grid_search_results/final_policies/final_policy_combo0_seed23.pt,0.9003766775131226,1.1612300872802734,0.0005134717212058604,0.009052990935742855,-0.09540039300918579
0,10,0.001,20,True,0.1,1.0,1.0,1.0,learned,True,0.00022,0.00015,False,24,2.187981367111206,2175,grid_search_results/policies/policy_combo0_seed24.pt,False,9999,grid_search_results/final_policies/final_policy_combo0_seed24.pt,1.0071961879730225,1.1650358438491821,0.0005255917203612626,0.008283887058496475,-0.07543998956680298
0,10,0.001,20,True,0.1,1.0,1.0,1.0,learned,True,0.00022,0.00015,False,25,2.216411828994751,3970,grid_search_results/policies/policy_combo0_seed25.pt,False,9999,grid_search_results/final_policies/final_policy_combo0_seed25.pt,1.6906349658966064,1.2614426612854004,0.0008326198440045118,0.007818017154932022,-0.05984145402908325
0,10,0.001,20,True,0.1,1.0,1.0,1.0,learned,True,0.00022,0.00015,False,27,2.123260259628296,2300,grid_search_results/policies/policy_combo0_seed27.pt,False,9999,grid_search_results/final_policies/final_policy_combo0_seed27.pt,0.8658331632614136,1.1542162895202637,0.0004911347059533,0.00900463666766882,-0.08072125911712646
0,10,0.001,20,True,0.1,1.0,1.0,1.0,learned,True,0.00022,0.00015,False,28,2.159578561782837,1485,grid_search_results/policies/policy_combo0_seed28.pt,False,9999,grid_search_results/final_policies/final_policy_combo0_seed28.pt,0.7528696656227112,1.1147685050964355,0.00036550473305396736,0.007706779520958662,-0.06751173734664917
0,10,0.001,20,True,0.1,1.0,1.0,1.0,learned,True,0.00022,0.00015,False,29,2.041592597961426,1670,grid_search_results/policies/policy_combo0_seed29.pt,False,9999,grid_search_results/final_policies/final_policy_combo0_seed29.pt,1.037774682044983,1.18487548828125,0.0005887754377909005,0.009006300009787083,-0.10718566179275513
0,10,0.001,20,True,0.1,1.0,1.0,1.0,learned,True,0.00022,0.00015,False,30,2.104316473007202,2235,grid_search_results/policies/policy_combo0_seed30.pt,False,9999,grid_search_results/final_policies/final_policy_combo0_seed30.pt,0.6341398358345032,1.1097651720046997,0.0003495707642287016,0.008750841952860355,-0.10793566703796387
0,10,0.001,20,True,0.1,1.0,1.0,1.0,learned,True,0.00022,0.00015,False,31,2.2350871562957764,1295,grid_search_results/policies/policy_combo0_seed31.pt,False,9999,grid_search_results/final_policies/final_policy_combo0_seed31.pt,1.518176555633545,1.2372126579284668,0.0007554544718004763,0.007899247109889984,-0.05635261535644531
0,10,0.001,20,True,0.1,1.0,1.0,1.0,learned,True,0.00022,0.00015,False,32,2.157106876373291,2670,grid_search_results/policies/policy_combo0_seed32.pt,False,9999,grid_search_results/final_policies/final_policy_combo0_seed32.pt,1.61100435256958,1.262586236000061,0.0008362620137631893,0.008240344934165478,-0.06609809398651123
0,10,0.001,20,True,0.1,1.0,1.0,1.0,learned,True,0.00022,0.00015,False,33,2.1474199295043945,2750,grid_search_results/policies/policy_combo0_seed33.pt,False,9999,grid_search_results/final_policies/final_policy_combo0_seed33.pt,0.7299796342849731,1.1553330421447754,0.0004946911358274519,0.010757794603705406,-0.12760233879089355
0,10,0.001,20,True,0.1,1.0,1.0,1.0,learned,True,0.00022,0.00015,False,34,2.0880126953125,3315,grid_search_results/policies/policy_combo0_seed34.pt,False,9999,grid_search_results/final_policies/final_policy_combo0_seed34.pt,0.8380718231201172,1.1534523963928223,0.0004887020331807435,0.009256838820874691,-0.06721144914627075
0,10,0.001,20,True,0.1,1.0,1.0,1.0,learned,True,0.00022,0.00015,False,35,3.129014730453491,9950,grid_search_results/policies/policy_combo0_seed35.pt,False,9999,grid_search_results/final_policies/final_policy_combo0_seed35.pt,1.2156955003738403,1.2152431011199951,0.0006854874081909657,0.00895105954259634,-0.11038601398468018
0,10,0.001,20,True,0.1,1.0,1.0,1.0,learned,True,0.00022,0.00015,False,36,2.2612082958221436,6600,grid_search_results/policies/policy_combo0_seed36.pt,False,9999,grid_search_results/final_policies/final_policy_combo0_seed36.pt,0.9329900741577148,1.142503023147583,0.0004538313369266689,0.0077217756770551205,-0.08177328109741211
0,10,0.001,20,True,0.1,1.0,1.0,1.0,learned,True,0.00022,0.00015,False,37,2.4279837608337402,5355,grid_search_results/policies/policy_combo0_seed37.pt,False,9999,grid_search_results/final_policies/final_policy_combo0_seed37.pt,0.8193789720535278,1.1547598838806152,0.0004928657435812056,0.009548686444759369,-0.12229549884796143
0,10,0.001,20,True,0.1,1.0,1.0,1.0,learned,True,0.00022,0.00015,False,38,2.2172129154205322,2155,grid_search_results/policies/policy_combo0_seed38.pt,False,9999,grid_search_results/final_policies/final_policy_combo0_seed38.pt,0.744053304195404,1.145460605621338,0.0004632501513697207,0.009883513674139977,-0.13556134700775146
0,10,0.001,20,True,0.1,1.0,1.0,1.0,learned,True,0.00022,0.00015,False,39,2.2500669956207275,9995,grid_search_results/policies/policy_combo0_seed39.pt,False,9999,grid_search_results/final_policies/final_policy_combo0_seed39.pt,1.5207546949386597,1.2269532680511475,0.0007227809401229024,0.007544791325926781,-0.08417630195617676
0,10,0.001,20,True,0.1,1.0,1.0,1.0,learned,True,0.00022,0.00015,False,40,2.263824224472046,3450,grid_search_results/policies/policy_combo0_seed40.pt,False,9999,grid_search_results/final_policies/final_policy_combo0_seed40.pt,0.33960747718811035,1.0652806758880615,0.0002079003897961229,0.009718022309243679,-0.10226553678512573
0,10,0.001,20,True,0.1,1.0,1.0,1.0,learned,True,0.00022,0.00015,False,41,2.2701802253723145,6910,grid_search_results/policies/policy_combo0_seed41.pt,False,9999,grid_search_results/final_policies/final_policy_combo0_seed41.pt,0.3878011703491211,1.0625871419906616,0.00019932218128815293,0.008159174583852291,-0.11148834228515625
0,10,0.001,20,True,0.1,1.0,1.0,1.0,learned,True,0.00022,0.00015,False,42,2.2576911449432373,2005,grid_search_results/policies/policy_combo0_seed42.pt,False,9999,grid_search_results/final_policies/final_policy_combo0_seed42.pt,0.5845655202865601,1.117450475692749,0.0003740461834240705,0.01015761774033308,-0.10780709981918335
0,10,0.001,20,True,0.1,1.0,1.0,1.0,learned,True,0.00022,0.00015,False,43,2.4660134315490723,8435,grid_search_results/policies/policy_combo0_seed43.pt,False,9999,grid_search_results/final_policies/final_policy_combo0_seed43.pt,0.5596897602081299,1.1011496782302856,0.00032213260419666767,0.009136652573943138,-0.14383459091186523
0,10,0.001,20,True,0.1,1.0,1.0,1.0,learned,True,0.00022,0.00015,False,44,2.178992509841919,3035,grid_search_results/policies/policy_combo0_seed44.pt,False,9999,grid_search_results/final_policies/final_policy_combo0_seed44.pt,1.2232449054718018,1.218938946723938,0.0006972579285502434,0.009048568084836006,-0.10484135150909424
0,10,0.001,20,True,0.1,1.0,1.0,1.0,learned,True,0.00022,0.00015,False,45,2.6025564670562744,4020,grid_search_results/policies/policy_combo0_seed45.pt,False,9999,grid_search_results/final_policies/final_policy_combo0_seed45.pt,0.70707768201828,1.127517819404602,0.00040610774885863066,0.009117461740970612,-0.10241764783859253
0,10,0.001,20,True,0.1,1.0,1.0,1.0,learned,True,0.00022,0.00015,False,47,2.2436726093292236,2985,grid_search_results/policies/policy_combo0_seed47.pt,False,9999,grid_search_results/final_policies/final_policy_combo0_seed47.pt,1.1060997247695923,1.1857638359069824,0.0005916047375649214,0.008490575477480888,-0.09924536943435669
1,10,0.001,20,True,0.1,1.0,1.0,1.0,fixed,True,0.00022,0.00015,False,0,2.477166175842285,8990,grid_search_results/policies/policy_combo1_seed0.pt,False,9999,grid_search_results/final_policies/final_policy_combo1_seed0.pt,0.4415905773639679,1.0576794147491455,0.0001836924784583971,0.006603454705327749,-0.06881999969482422
0,10,0.001,20,True,0.1,1.0,1.0,1.0,learned,True,0.00022,0.00015,False,49,2.441291093826294,5080,grid_search_results/policies/policy_combo0_seed49.pt,False,9999,grid_search_results/final_policies/final_policy_combo0_seed49.pt,1.335843801498413,1.1935889720916748,0.0006165255908854306,0.007326476275920868,-0.0668676495552063
1,10,0.001,20,True,0.1,1.0,1.0,1.0,fixed,True,0.00022,0.00015,False,1,2.0974996089935303,1585,grid_search_results/policies/policy_combo1_seed1.pt,False,9999,grid_search_results/final_policies/final_policy_combo1_seed1.pt,1.5522632598876953,1.2105611562728882,0.0006705769337713718,0.006857769563794136,-0.0694657564163208
1,10,0.001,20,True,0.1,1.0,1.0,1.0,fixed,True,0.00022,0.00015,False,2,2.039363384246826,1250,grid_search_results/policies/policy_combo1_seed2.pt,False,9999,grid_search_results/final_policies/final_policy_combo1_seed2.pt,1.282846450805664,1.1765637397766113,0.0005623049801215529,0.006958200130611658,-0.0531693696975708
1,10,0.001,20,True,0.1,1.0,1.0,1.0,fixed,True,0.00022,0.00015,False,3,2.019197463989258,1045,grid_search_results/policies/policy_combo1_seed3.pt,False,9999,grid_search_results/final_policies/final_policy_combo1_seed3.pt,1.4036123752593994,1.1819742918014526,0.0005795358447358012,0.006554397288709879,-0.06040382385253906
1,10,0.001,20,True,0.1,1.0,1.0,1.0,fixed,True,0.00022,0.00015,False,5,2.1604387760162354,1160,grid_search_results/policies/policy_combo1_seed5.pt,False,9999,grid_search_results/final_policies/final_policy_combo1_seed5.pt,1.7736799716949463,1.2553455829620361,0.0008132026996463537,0.007278187666088343,-0.0661478042602539
1,10,0.001,20,True,0.1,1.0,1.0,1.0,fixed,True,0.00022,0.00015,False,4,2.19272518157959,1500,grid_search_results/policies/policy_combo1_seed4.pt,False,9999,grid_search_results/final_policies/final_policy_combo1_seed4.pt,0.9709434509277344,1.1345632076263428,0.0004285454342607409,0.007006523665040731,-0.07014906406402588
1,10,0.001,20,True,0.1,1.0,1.0,1.0,fixed,True,0.00022,0.00015,False,7,1.901483416557312,1770,grid_search_results/policies/policy_combo1_seed7.pt,False,9999,grid_search_results/final_policies/final_policy_combo1_seed7.pt,1.2729146480560303,1.163980484008789,0.0005222306353971362,0.006512724328786135,-0.06572973728179932
1,10,0.001,20,True,0.1,1.0,1.0,1.0,fixed,True,0.00022,0.00015,False,6,2.1418914794921875,2555,grid_search_results/policies/policy_combo1_seed6.pt,False,9999,grid_search_results/final_policies/final_policy_combo1_seed6.pt,1.0818108320236206,1.1497310400009155,0.00047685045865364373,0.006997300777584314,-0.05969303846359253
1,10,0.001,20,True,0.1,1.0,1.0,1.0,fixed,True,0.00022,0.00015,False,8,2.2260286808013916,1405,grid_search_results/policies/policy_combo1_seed8.pt,False,9999,grid_search_results/final_policies/final_policy_combo1_seed8.pt,0.9143877029418945,1.1271361112594604,0.00040489196544513106,0.0070292409509420395,-0.07470446825027466
1,10,0.001,20,True,0.1,1.0,1.0,1.0,fixed,True,0.00022,0.00015,False,9,1.935018539428711,705,grid_search_results/policies/policy_combo1_seed9.pt,False,9999,grid_search_results/final_policies/final_policy_combo1_seed9.pt,0.8670942783355713,1.1206961870193481,0.0003843827871605754,0.007037157658487558,-0.07673555612564087
1,10,0.001,20,True,0.1,1.0,1.0,1.0,fixed,True,0.00022,0.00015,False,10,2.103485584259033,1560,grid_search_results/policies/policy_combo1_seed10.pt,False,9999,grid_search_results/final_policies/final_policy_combo1_seed10.pt,0.5481479167938232,1.0731595754623413,0.00023299221356865019,0.006747506093233824,-0.0760350227355957
1,10,0.001,20,True,0.1,1.0,1.0,1.0,fixed,True,0.00022,0.00015,False,11,2.085942506790161,1255,grid_search_results/policies/policy_combo1_seed11.pt,False,9999,grid_search_results/final_policies/final_policy_combo1_seed11.pt,0.8513799905776978,1.1159099340438843,0.00036913977237418294,0.006882830057293177,-0.06438624858856201
1,10,0.001,20,True,0.1,1.0,1.0,1.0,fixed,True,0.00022,0.00015,False,12,1.9496519565582275,990,grid_search_results/policies/policy_combo1_seed12.pt,False,9999,grid_search_results/final_policies/final_policy_combo1_seed12.pt,1.4857585430145264,1.203289270401001,0.0006474179099313915,0.0069172922521829605,-0.05797833204269409
1,10,0.001,20,True,0.1,1.0,1.0,1.0,fixed,True,0.00022,0.00015,False,13,1.9678817987442017,1410,grid_search_results/policies/policy_combo1_seed13.pt,False,9999,grid_search_results/final_policies/final_policy_combo1_seed13.pt,1.0764824151992798,1.152336597442627,0.00048514860100112855,0.007154306396842003,-0.08154350519180298
1,10,0.001,20,True,0.1,1.0,1.0,1.0,fixed,True,0.00022,0.00015,False,14,1.9816769361495972,1035,grid_search_results/policies/policy_combo1_seed14.pt,False,9999,grid_search_results/final_policies/final_policy_combo1_seed14.pt,1.2251148223876953,1.1540931463241577,0.0004907423863187432,0.0063588181510567665,-0.0616910457611084
1,10,0.001,20,True,0.1,1.0,1.0,1.0,fixed,True,0.00022,0.00015,False,15,2.079336166381836,4140,grid_search_results/policies/policy_combo1_seed15.pt,False,9999,grid_search_results/final_policies/final_policy_combo1_seed15.pt,0.8817931413650513,1.1171839237213135,0.0003731973411049694,0.006718486547470093,-0.07957011461257935
1,10,0.001,20,True,0.1,1.0,1.0,1.0,fixed,True,0.00022,0.00015,False,16,2.1816771030426025,1420,grid_search_results/policies/policy_combo1_seed16.pt,False,9999,grid_search_results/final_policies/final_policy_combo1_seed16.pt,2.103224515914917,1.275437831878662,0.0008771905559115112,0.006620761007070541,-0.06118851900100708
1,10,0.001,20,True,0.1,1.0,1.0,1.0,fixed,True,0.00022,0.00015,False,17,2.0473129749298096,6090,grid_search_results/policies/policy_combo1_seed17.pt,False,9999,grid_search_results/final_policies/final_policy_combo1_seed17.pt,1.7452329397201538,1.2474883794784546,0.0007881796918809414,0.007169213145971298,-0.07724082469940186
1,10,0.001,20,True,0.1,1.0,1.0,1.0,fixed,True,0.00022,0.00015,False,18,1.892103672027588,965,grid_search_results/policies/policy_combo1_seed18.pt,False,9999,grid_search_results/final_policies/final_policy_combo1_seed18.pt,1.143734097480774,1.1574376821517944,0.0005013939808122814,0.006959110032767057,-0.056418538093566895
1,10,0.001,20,True,0.1,1.0,1.0,1.0,fixed,True,0.00022,0.00015,False,19,1.908128023147583,1105,grid_search_results/policies/policy_combo1_seed19.pt,False,9999,grid_search_results/final_policies/final_policy_combo1_seed19.pt,1.5586413145065308,1.2148239612579346,0.0006841529393568635,0.006967976689338684,-0.06480848789215088
1,10,0.001,20,True,0.1,1.0,1.0,1.0,fixed,True,0.00022,0.00015,False,20,2.5536417961120605,2785,grid_search_results/policies/policy_combo1_seed20.pt,False,9999,grid_search_results/final_policies/final_policy_combo1_seed20.pt,0.5973857045173645,1.085349440574646,0.00027181365294381976,0.007222975138574839,-0.10820698738098145
1,10,0.001,20,True,0.1,1.0,1.0,1.0,fixed,True,0.00022,0.00015,False,21,2.065791606903076,1990,grid_search_results/policies/policy_combo1_seed21.pt,False,9999,grid_search_results/final_policies/final_policy_combo1_seed21.pt,0.9497437477111816,1.1348023414611816,0.0004293070232961327,0.007175649516284466,-0.08317726850509644
1,10,0.001,20,True,0.1,1.0,1.0,1.0,fixed,True,0.00022,0.00015,False,22,2.151308298110962,1400,grid_search_results/policies/policy_combo1_seed22.pt,False,9999,grid_search_results/final_policies/final_policy_combo1_seed22.pt,1.7208327054977417,1.253666877746582,0.0008078563259914517,0.007452383171766996,-0.07193785905838013
1,10,0.001,20,True,0.1,1.0,1.0,1.0,fixed,True,0.00022,0.00015,False,23,2.2922017574310303,3540,grid_search_results/policies/policy_combo1_seed23.pt,False,9999,grid_search_results/final_policies/final_policy_combo1_seed23.pt,1.029564619064331,1.150587558746338,0.0004795782151632011,0.007394443731755018,-0.07148247957229614
1,10,0.001,20,True,0.1,1.0,1.0,1.0,fixed,True,0.00022,0.00015,False,24,1.9741898775100708,5005,grid_search_results/policies/policy_combo1_seed24.pt,False,9999,grid_search_results/final_policies/final_policy_combo1_seed24.pt,1.1947612762451172,1.1688992977142334,0.000537895830348134,0.0071468837559223175,-0.07877898216247559
1,10,0.001,20,True,0.1,1.0,1.0,1.0,fixed,True,0.00022,0.00015,False,25,2.105306386947632,1330,grid_search_results/policies/policy_combo1_seed25.pt,False,9999,grid_search_results/final_policies/final_policy_combo1_seed25.pt,1.0481747388839722,1.1400518417358398,0.0004460250202100724,0.006754997186362743,-0.0888625979423523
1,10,0.001,20,True,0.1,1.0,1.0,1.0,fixed,True,0.00022,0.00015,False,26,2.13130784034729,5765,grid_search_results/policies/policy_combo1_seed26.pt,False,9999,grid_search_results/final_policies/final_policy_combo1_seed26.pt,0.8528439998626709,1.1177712678909302,0.00037506764056161046,0.006981354206800461,-0.0632474422454834
1,10,0.001,20,True,0.1,1.0,1.0,1.0,fixed,True,0.00022,0.00015,False,27,2.0218777656555176,1605,grid_search_results/policies/policy_combo1_seed27.pt,False,9999,grid_search_results/final_policies/final_policy_combo1_seed27.pt,1.5472842454910278,1.2132967710494995,0.0006792891072109342,0.006969220470637083,-0.05832618474960327
1,10,0.001,20,True,0.1,1.0,1.0,1.0,fixed,True,0.00022,0.00015,False,28,1.8493739366531372,765,grid_search_results/policies/policy_combo1_seed28.pt,False,9999,grid_search_results/final_policies/final_policy_combo1_seed28.pt,1.4910012483596802,1.1933016777038574,0.00061561050824821,0.006554319988936186,-0.05374622344970703
1,10,0.001,20,True,0.1,1.0,1.0,1.0,fixed,True,0.00022,0.00015,False,30,2.27632999420166,4755,grid_search_results/policies/policy_combo1_seed30.pt,False,9999,grid_search_results/final_policies/final_policy_combo1_seed30.pt,1.2093586921691895,1.1583179235458374,0.000504197261761874,0.006618277635425329,-0.05698317289352417
1,10,0.001,20,True,0.1,1.0,1.0,1.0,fixed,True,0.00022,0.00015,False,29,2.0485479831695557,870,grid_search_results/policies/policy_combo1_seed29.pt,False,9999,grid_search_results/final_policies/final_policy_combo1_seed29.pt,1.3807668685913086,1.1796722412109375,0.0005722047062590718,0.006578558124601841,-0.06006729602813721
1,10,0.001,20,True,0.1,1.0,1.0,1.0,fixed,True,0.00022,0.00015,False,31,1.9017393589019775,775,grid_search_results/policies/policy_combo1_seed31.pt,False,9999,grid_search_results/final_policies/final_policy_combo1_seed31.pt,1.230216383934021,1.1636625528335571,0.000521218404173851,0.006725705694407225,-0.054841458797454834
1,10,0.001,20,True,0.1,1.0,1.0,1.0,fixed,True,0.00022,0.00015,False,32,2.2178540229797363,2555,grid_search_results/policies/policy_combo1_seed32.pt,False,9999,grid_search_results/final_policies/final_policy_combo1_seed32.pt,0.9109228849411011,1.1327075958251953,0.00042263546492904425,0.007365191355347633,-0.0892069935798645
1,10,0.001,20,True,0.1,1.0,1.0,1.0,fixed,True,0.00022,0.00015,False,33,2.611182451248169,9225,grid_search_results/policies/policy_combo1_seed33.pt,False,9999,grid_search_results/final_policies/final_policy_combo1_seed33.pt,1.1269609928131104,1.1566221714019775,0.0004987966385670006,0.007026100065559149,-0.06987416744232178
1,10,0.001,20,True,0.1,1.0,1.0,1.0,fixed,True,0.00022,0.00015,False,34,2.1211252212524414,1075,grid_search_results/policies/policy_combo1_seed34.pt,False,9999,grid_search_results/final_policies/final_policy_combo1_seed34.pt,1.4030687808990479,1.2022267580032349,0.0006440342986024916,0.0072866808623075485,-0.08083724975585938
1,10,0.001,20,True,0.1,1.0,1.0,1.0,fixed,True,0.00022,0.00015,False,35,2.10471773147583,1525,grid_search_results/policies/policy_combo1_seed35.pt,False,9999,grid_search_results/final_policies/final_policy_combo1_seed35.pt,1.5904114246368408,1.2213901281356812,0.0007050639833323658,0.007037504576146603,-0.06327879428863525
1,10,0.001,20,True,0.1,1.0,1.0,1.0,fixed,True,0.00022,0.00015,False,37,2.0117838382720947,1335,grid_search_results/policies/policy_combo1_seed37.pt,False,9999,grid_search_results/final_policies/final_policy_combo1_seed37.pt,1.2957981824874878,1.168637990951538,0.000537063751835376,0.0065794275142252445,-0.08359384536743164
1,10,0.001,20,True,0.1,1.0,1.0,1.0,fixed,True,0.00022,0.00015,False,36,2.244575262069702,1390,grid_search_results/policies/policy_combo1_seed36.pt,False,9999,grid_search_results/final_policies/final_policy_combo1_seed36.pt,1.4378304481506348,1.2022796869277954,0.0006442027515731752,0.007112374063581228,-0.06604278087615967
1,10,0.001,20,True,0.1,1.0,1.0,1.0,fixed,True,0.00022,0.00015,False,38,2.0390119552612305,1375,grid_search_results/policies/policy_combo1_seed38.pt,False,9999,grid_search_results/final_policies/final_policy_combo1_seed38.pt,0.8982279896736145,1.117556095123291,0.0003743825072888285,0.006616504397243261,-0.0703091025352478
1,10,0.001,20,True,0.1,1.0,1.0,1.0,fixed,True,0.00022,0.00015,False,39,2.4969797134399414,4720,grid_search_results/policies/policy_combo1_seed39.pt,False,9999,grid_search_results/final_policies/final_policy_combo1_seed39.pt,1.3414831161499023,1.1795988082885742,0.0005719706532545388,0.006768433842808008,-0.07971698045730591
1,10,0.001,20,True,0.1,1.0,1.0,1.0,fixed,True,0.00022,0.00015,False,40,2.352508783340454,4880,grid_search_results/policies/policy_combo1_seed40.pt,False,9999,grid_search_results/final_policies/final_policy_combo1_seed40.pt,1.2446075677871704,1.1592755317687988,0.0005072470521554351,0.006469738204032183,-0.06133323907852173
1,10,0.001,20,True,0.1,1.0,1.0,1.0,fixed,True,0.00022,0.00015,False,41,1.954658031463623,1620,grid_search_results/policies/policy_combo1_seed41.pt,False,9999,grid_search_results/final_policies/final_policy_combo1_seed41.pt,1.4091390371322632,1.1967976093292236,0.000626743829343468,0.007060506846755743,-0.06434261798858643
1,10,0.001,20,True,0.1,1.0,1.0,1.0,fixed,True,0.00022,0.00015,False,42,2.068220853805542,1070,grid_search_results/policies/policy_combo1_seed42.pt,False,9999,grid_search_results/final_policies/final_policy_combo1_seed42.pt,1.251731276512146,1.1767480373382568,0.0005628917715512216,0.007138607557862997,-0.06707143783569336
1,10,0.001,20,True,0.1,1.0,1.0,1.0,fixed,True,0.00022,0.00015,False,43,2.1819729804992676,1720,grid_search_results/policies/policy_combo1_seed43.pt,False,9999,grid_search_results/final_policies/final_policy_combo1_seed43.pt,1.094598412513733,1.1517808437347412,0.0004833783896174282,0.007010227534919977,-0.07971292734146118
1,10,0.001,20,True,0.1,1.0,1.0,1.0,fixed,True,0.00022,0.00015,False,44,1.8724727630615234,1125,grid_search_results/policies/policy_combo1_seed44.pt,False,9999,grid_search_results/final_policies/final_policy_combo1_seed44.pt,0.8547971844673157,1.1198060512542725,0.00038154807407408953,0.007085750810801983,-0.07644623517990112
1,10,0.001,20,True,0.1,1.0,1.0,1.0,fixed,True,0.00022,0.00015,False,45,2.097898006439209,2335,grid_search_results/policies/policy_combo1_seed45.pt,False,9999,grid_search_results/final_policies/final_policy_combo1_seed45.pt,0.8613584637641907,1.119674563407898,0.00038112924084998667,0.007024056743830442,-0.05792117118835449
1,10,0.001,20,True,0.1,1.0,1.0,1.0,fixed,True,0.00022,0.00015,False,46,1.9957340955734253,1660,grid_search_results/policies/policy_combo1_seed46.pt,False,9999,grid_search_results/final_policies/final_policy_combo1_seed46.pt,0.9365002512931824,1.1272352933883667,0.00040520785842090845,0.00686862226575613,-0.07288795709609985
1,10,0.001,20,True,0.1,1.0,1.0,1.0,fixed,True,0.00022,0.00015,False,47,2.1344683170318604,4575,grid_search_results/policies/policy_combo1_seed47.pt,False,9999,grid_search_results/final_policies/final_policy_combo1_seed47.pt,1.322373390197754,1.1814002990722656,0.0005777078913524747,0.006935117766261101,-0.06892073154449463
1,10,0.001,20,True,0.1,1.0,1.0,1.0,fixed,True,0.00022,0.00015,False,48,2.2395284175872803,1535,grid_search_results/policies/policy_combo1_seed48.pt,False,9999,grid_search_results/final_policies/final_policy_combo1_seed48.pt,1.2406420707702637,1.1627440452575684,0.0005182933527976274,0.006631759461015463,-0.06469005346298218
1,10,0.001,20,True,0.1,1.0,1.0,1.0,fixed,True,0.00022,0.00015,False,49,2.0601115226745605,6220,grid_search_results/policies/policy_combo1_seed49.pt,False,9999,grid_search_results/final_policies/final_policy_combo1_seed49.pt,1.4983673095703125,1.2096554040908813,0.0006676925113424659,0.007073882967233658,-0.0694151520729065
