combo_id,window_size,lr_actor,dyn_sim_M,dyn_sim_deterministic,dyn_sim_pl_weight,lam,actor_weight,kappa_unc,kf_mode,dyn_use_sim,kf_q,kf_r,evaluate_best_on_test,seed,best_val_sharpe,best_val_sharpe_epoch,best_policy_path,used_best_policy,used_policy_epoch,used_policy_path,test_sharpe,test_total_return,test_mean_return,test_std_return,min_return
0,10,0.001,20,True,0.1,1.0,1.0,1.0,learned,True,0.00022,0.00015,True,5,2.2368271350860596,5445,grid_search_results/policies/policy_combo0_seed5.pt,True,5445,grid_search_results/policies/policy_combo0_seed5.pt,1.6260411739349365,1.1995394229888916,0.000635475676972419,0.0062039317563176155,-0.055577874183654785
0,10,0.001,20,True,0.1,1.0,1.0,1.0,learned,True,0.00022,0.00015,True,6,2.4292232990264893,5950,grid_search_results/policies/policy_combo0_seed6.pt,True,5950,grid_search_results/policies/policy_combo0_seed6.pt,1.6477833986282349,1.3076223134994507,0.0009796888334676623,0.009438171051442623,-0.06542801856994629
0,10,0.001,20,True,0.1,1.0,1.0,1.0,learned,True,0.00022,0.00015,True,2,2.1355996131896973,1960,grid_search_results/policies/policy_combo0_seed2.pt,True,1960,grid_search_results/policies/policy_combo0_seed2.pt,1.3378639221191406,1.1675424575805664,0.0005335747846402228,0.006331155076622963,-0.05941528081893921
0,10,0.001,20,True,0.1,1.0,1.0,1.0,learned,True,0.00022,0.00015,True,0,2.1972339153289795,6070,grid_search_results/policies/policy_combo0_seed0.pt,True,6070,grid_search_results/policies/policy_combo0_seed0.pt,1.4462577104568481,1.1793946027755737,0.0005713203572668135,0.006270953919738531,-0.05787515640258789
0,10,0.001,20,True,0.1,1.0,1.0,1.0,learned,True,0.00022,0.00015,True,1,2.2007434368133545,1715,grid_search_results/policies/policy_combo0_seed1.pt,True,1715,grid_search_results/policies/policy_combo0_seed1.pt,1.4141783714294434,1.1733615398406982,0.000552106648683548,0.00619752611964941,-0.05793362855911255
0,10,0.001,20,True,0.1,1.0,1.0,1.0,learned,True,0.00022,0.00015,True,3,2.481818675994873,6885,grid_search_results/policies/policy_combo0_seed3.pt,True,6885,grid_search_results/policies/policy_combo0_seed3.pt,1.1318285465240479,1.1497764587402344,0.00047699513379484415,0.006690105423331261,-0.06838607788085938
0,10,0.001,20,True,0.1,1.0,1.0,1.0,learned,True,0.00022,0.00015,True,4,2.269082546234131,2040,grid_search_results/policies/policy_combo0_seed4.pt,True,2040,grid_search_results/policies/policy_combo0_seed4.pt,1.1860251426696777,1.1552983522415161,0.0004945806576870382,0.006619769614189863,-0.05912536382675171
0,10,0.001,20,True,0.1,1.0,1.0,1.0,learned,True,0.00022,0.00015,True,8,2.547013998031616,4930,grid_search_results/policies/policy_combo0_seed8.pt,True,4930,grid_search_results/policies/policy_combo0_seed8.pt,0.9006672501564026,1.1226524114608765,0.00039061286952346563,0.006884649395942688,-0.06809210777282715
0,10,0.001,20,True,0.1,1.0,1.0,1.0,learned,True,0.00022,0.00015,True,9,2.324477195739746,2425,grid_search_results/policies/policy_combo0_seed9.pt,True,2425,grid_search_results/policies/policy_combo0_seed9.pt,1.3236714601516724,1.1644196510314941,0.0005236293072812259,0.0062797642312943935,-0.05629837512969971
0,10,0.001,20,True,0.1,1.0,1.0,1.0,learned,True,0.00022,0.00015,True,11,2.0371205806732178,2870,grid_search_results/policies/policy_combo0_seed11.pt,True,2870,grid_search_results/policies/policy_combo0_seed11.pt,1.4389517307281494,1.1898730993270874,0.0006046912749297917,0.006670941133052111,-0.05950444936752319
0,10,0.001,20,True,0.1,1.0,1.0,1.0,learned,True,0.00022,0.00015,True,13,2.145846128463745,3875,grid_search_results/policies/policy_combo0_seed13.pt,True,3875,grid_search_results/policies/policy_combo0_seed13.pt,1.5045249462127686,1.1874719858169556,0.0005970446509309113,0.006299513857811689,-0.05859959125518799
0,10,0.001,20,True,0.1,1.0,1.0,1.0,learned,True,0.00022,0.00015,True,12,1.9639822244644165,6545,grid_search_results/policies/policy_combo0_seed12.pt,True,6545,grid_search_results/policies/policy_combo0_seed12.pt,1.025269865989685,1.2125685214996338,0.0006769697065465152,0.010481679812073708,-0.11433672904968262
0,10,0.001,20,True,0.1,1.0,1.0,1.0,learned,True,0.00022,0.00015,True,15,2.1722922325134277,2325,grid_search_results/policies/policy_combo0_seed15.pt,True,2325,grid_search_results/policies/policy_combo0_seed15.pt,1.4412120580673218,1.1792117357254028,0.0005707381060346961,0.00628649489954114,-0.058431804180145264
0,10,0.001,20,True,0.1,1.0,1.0,1.0,learned,True,0.00022,0.00015,True,14,2.114227533340454,2310,grid_search_results/policies/policy_combo0_seed14.pt,True,2310,grid_search_results/policies/policy_combo0_seed14.pt,1.2768858671188354,1.1593581438064575,0.0005075100343674421,0.006309458985924721,-0.05810415744781494
0,10,0.001,20,True,0.1,1.0,1.0,1.0,learned,True,0.00022,0.00015,True,16,2.330157518386841,3100,grid_search_results/policies/policy_combo0_seed16.pt,True,3100,grid_search_results/policies/policy_combo0_seed16.pt,1.3919918537139893,1.1778484582901,0.0005663962219841778,0.006459267344325781,-0.053579509258270264
0,10,0.001,20,True,0.1,1.0,1.0,1.0,learned,True,0.00022,0.00015,True,19,2.1729485988616943,1585,grid_search_results/policies/policy_combo0_seed19.pt,True,1585,grid_search_results/policies/policy_combo0_seed19.pt,1.3801177740097046,1.168434739112854,0.0005364162498153746,0.006170002743601799,-0.058673322200775146
0,10,0.001,20,True,0.1,1.0,1.0,1.0,learned,True,0.00022,0.00015,True,20,2.325310707092285,6785,grid_search_results/policies/policy_combo0_seed20.pt,True,6785,grid_search_results/policies/policy_combo0_seed20.pt,1.7506020069122314,1.2328176498413086,0.0007414572755806148,0.006723545491695404,-0.05621129274368286
0,10,0.001,20,True,0.1,1.0,1.0,1.0,learned,True,0.00022,0.00015,True,21,2.3287320137023926,5365,grid_search_results/policies/policy_combo0_seed21.pt,True,5365,grid_search_results/policies/policy_combo0_seed21.pt,1.360107183456421,1.1685396432876587,0.0005367504782043397,0.006264680065214634,-0.05695366859436035
0,10,0.001,20,True,0.1,1.0,1.0,1.0,learned,True,0.00022,0.00015,True,22,2.230867624282837,3135,grid_search_results/policies/policy_combo0_seed22.pt,True,3135,grid_search_results/policies/policy_combo0_seed22.pt,1.6291239261627197,1.2095191478729248,0.0006672582821920514,0.006501887924969196,-0.05489921569824219
0,10,0.001,20,True,0.1,1.0,1.0,1.0,learned,True,0.00022,0.00015,True,23,1.8861217498779297,2375,grid_search_results/policies/policy_combo0_seed23.pt,True,2375,grid_search_results/policies/policy_combo0_seed23.pt,1.1175527572631836,1.1388013362884521,0.0004420422774273902,0.006279070395976305,-0.06961202621459961
0,10,0.001,20,True,0.1,1.0,1.0,1.0,learned,True,0.00022,0.00015,True,24,2.187981367111206,2175,grid_search_results/policies/policy_combo0_seed24.pt,True,2175,grid_search_results/policies/policy_combo0_seed24.pt,1.432030439376831,1.1760008335113525,0.00056051230058074,0.006213445216417313,-0.05721616744995117
0,10,0.001,20,True,0.1,1.0,1.0,1.0,learned,True,0.00022,0.00015,True,25,2.216411828994751,3970,grid_search_results/policies/policy_combo0_seed25.pt,True,3970,grid_search_results/policies/policy_combo0_seed25.pt,1.4392105340957642,1.175937294960022,0.0005603099125437438,0.006180214695632458,-0.057960331439971924
0,10,0.001,20,True,0.1,1.0,1.0,1.0,learned,True,0.00022,0.00015,True,27,2.123260259628296,2300,grid_search_results/policies/policy_combo0_seed27.pt,True,2300,grid_search_results/policies/policy_combo0_seed27.pt,1.4215675592422485,1.1738476753234863,0.000553655088879168,0.006182603072375059,-0.058141469955444336
0,10,0.001,20,True,0.1,1.0,1.0,1.0,learned,True,0.00022,0.00015,True,28,2.159578561782837,1485,grid_search_results/policies/policy_combo0_seed28.pt,True,1485,grid_search_results/policies/policy_combo0_seed28.pt,1.3670426607131958,1.169260025024414,0.0005390448495745659,0.006259540095925331,-0.05930393934249878
0,10,0.001,20,True,0.1,1.0,1.0,1.0,learned,True,0.00022,0.00015,True,29,2.041592597961426,1670,grid_search_results/policies/policy_combo0_seed29.pt,True,1670,grid_search_results/policies/policy_combo0_seed29.pt,1.3990283012390137,1.171284556388855,0.0005454921047203243,0.006189585663378239,-0.058179497718811035
0,10,0.001,20,True,0.1,1.0,1.0,1.0,learned,True,0.00022,0.00015,True,30,2.104316473007202,2235,grid_search_results/policies/policy_combo0_seed30.pt,True,2235,grid_search_results/policies/policy_combo0_seed30.pt,1.2873659133911133,1.1673275232315063,0.0005328901461325586,0.006571057718247175,-0.05721867084503174
0,10,0.001,20,True,0.1,1.0,1.0,1.0,learned,True,0.00022,0.00015,True,31,2.2350871562957764,1295,grid_search_results/policies/policy_combo0_seed31.pt,True,1295,grid_search_results/policies/policy_combo0_seed31.pt,1.350430965423584,1.165648341178894,0.0005275424337014556,0.006201326381415129,-0.05874037742614746
0,10,0.001,20,True,0.1,1.0,1.0,1.0,learned,True,0.00022,0.00015,True,32,2.157106876373291,2670,grid_search_results/policies/policy_combo0_seed32.pt,True,2670,grid_search_results/policies/policy_combo0_seed32.pt,1.3285142183303833,1.1593341827392578,0.0005074336659163237,0.006063350010663271,-0.057357072830200195
0,10,0.001,20,True,0.1,1.0,1.0,1.0,learned,True,0.00022,0.00015,True,33,2.1474199295043945,2750,grid_search_results/policies/policy_combo0_seed33.pt,True,2750,grid_search_results/policies/policy_combo0_seed33.pt,0.7559849619865417,1.105279803276062,0.00033528596395626664,0.007040473632514477,-0.06519889831542969
0,10,0.001,20,True,0.1,1.0,1.0,1.0,learned,True,0.00022,0.00015,True,34,2.0880126953125,3315,grid_search_results/policies/policy_combo0_seed34.pt,True,3315,grid_search_results/policies/policy_combo0_seed34.pt,1.2993773221969604,1.165501356124878,0.0005270745023153722,0.0064392657950520515,-0.056952059268951416
0,10,0.001,20,True,0.1,1.0,1.0,1.0,learned,True,0.00022,0.00015,True,35,3.129014730453491,9950,grid_search_results/policies/policy_combo0_seed35.pt,True,9950,grid_search_results/policies/policy_combo0_seed35.pt,0.9994555711746216,1.1913161277770996,0.0006092872354201972,0.009677393361926079,-0.13174402713775635
0,10,0.001,20,True,0.1,1.0,1.0,1.0,learned,True,0.00022,0.00015,True,36,2.2612082958221436,6600,grid_search_results/policies/policy_combo0_seed36.pt,True,6600,grid_search_results/policies/policy_combo0_seed36.pt,1.4308269023895264,1.1789971590042114,0.0005700546898879111,0.006324541289359331,-0.05753606557846069
0,10,0.001,20,True,0.1,1.0,1.0,1.0,learned,True,0.00022,0.00015,True,37,2.4279837608337402,5355,grid_search_results/policies/policy_combo0_seed37.pt,True,5355,grid_search_results/policies/policy_combo0_seed37.pt,2.0820953845977783,1.3318607807159424,0.0010568815050646663,0.008057965897023678,-0.050259411334991455
0,10,0.001,20,True,0.1,1.0,1.0,1.0,learned,True,0.00022,0.00015,True,38,2.2172129154205322,2155,grid_search_results/policies/policy_combo0_seed38.pt,True,2155,grid_search_results/policies/policy_combo0_seed38.pt,1.222308874130249,1.1540623903274536,0.0004906444810330868,0.006372143980115652,-0.06890052556991577
0,10,0.001,20,True,0.1,1.0,1.0,1.0,learned,True,0.00022,0.00015,True,39,2.2500669956207275,9995,grid_search_results/policies/policy_combo0_seed39.pt,True,9995,grid_search_results/policies/policy_combo0_seed39.pt,1.431272268295288,1.237048864364624,0.000754932698328048,0.008373089134693146,-0.08858531713485718
0,10,0.001,20,True,0.1,1.0,1.0,1.0,learned,True,0.00022,0.00015,True,40,2.263824224472046,3450,grid_search_results/policies/policy_combo0_seed40.pt,True,3450,grid_search_results/policies/policy_combo0_seed40.pt,0.9138978123664856,1.1226309537887573,0.00039054438821040094,0.0067837899550795555,-0.06352943181991577
0,10,0.001,20,True,0.1,1.0,1.0,1.0,learned,True,0.00022,0.00015,True,41,2.2701802253723145,6910,grid_search_results/policies/policy_combo0_seed41.pt,True,6910,grid_search_results/policies/policy_combo0_seed41.pt,1.7933999300003052,1.238366723060608,0.0007591297617182136,0.006719524040818214,-0.05816680192947388
0,10,0.001,20,True,0.1,1.0,1.0,1.0,learned,True,0.00022,0.00015,True,42,2.2576911449432373,2005,grid_search_results/policies/policy_combo0_seed42.pt,True,2005,grid_search_results/policies/policy_combo0_seed42.pt,1.5349987745285034,1.1897276639938354,0.0006042282329872251,0.006248741876333952,-0.057812631130218506
0,10,0.001,20,True,0.1,1.0,1.0,1.0,learned,True,0.00022,0.00015,True,43,2.4660134315490723,8435,grid_search_results/policies/policy_combo0_seed43.pt,True,8435,grid_search_results/policies/policy_combo0_seed43.pt,0.4382207691669464,1.094170331954956,0.0002999053685925901,0.010864034295082092,-0.14352309703826904
0,10,0.001,20,True,0.1,1.0,1.0,1.0,learned,True,0.00022,0.00015,True,44,2.178992509841919,3035,grid_search_results/policies/policy_combo0_seed44.pt,True,3035,grid_search_results/policies/policy_combo0_seed44.pt,1.306868553161621,1.1606048345565796,0.0005114802625030279,0.006212931592017412,-0.05871504545211792
0,10,0.001,20,True,0.1,1.0,1.0,1.0,learned,True,0.00022,0.00015,True,45,2.6025564670562744,4020,grid_search_results/policies/policy_combo0_seed45.pt,True,4020,grid_search_results/policies/policy_combo0_seed45.pt,1.1174525022506714,1.170156478881836,0.000541899586096406,0.007698204834014177,-0.06795519590377808
0,10,0.001,20,True,0.1,1.0,1.0,1.0,learned,True,0.00022,0.00015,True,47,2.2436726093292236,2985,grid_search_results/policies/policy_combo0_seed47.pt,True,2985,grid_search_results/policies/policy_combo0_seed47.pt,1.4143589735031128,1.1776421070098877,0.0005657390574924648,0.006349742412567139,-0.05780118703842163
1,10,0.001,20,True,0.1,1.0,1.0,1.0,fixed,True,0.00022,0.00015,True,0,2.477166175842285,8990,grid_search_results/policies/policy_combo1_seed0.pt,True,8990,grid_search_results/policies/policy_combo1_seed0.pt,0.730548620223999,1.102507472038269,0.00032645693863742054,0.007093759719282389,-0.06864887475967407
0,10,0.001,20,True,0.1,1.0,1.0,1.0,learned,True,0.00022,0.00015,True,49,2.441291093826294,5080,grid_search_results/policies/policy_combo0_seed49.pt,True,5080,grid_search_results/policies/policy_combo0_seed49.pt,1.9168150424957275,1.2703970670700073,0.0008611371740698814,0.0071316794492304325,-0.05921816825866699
1,10,0.001,20,True,0.1,1.0,1.0,1.0,fixed,True,0.00022,0.00015,True,1,2.0974996089935303,1585,grid_search_results/policies/policy_combo1_seed1.pt,True,1585,grid_search_results/policies/policy_combo1_seed1.pt,1.2929540872573853,1.1619629859924316,0.0005158056737855077,0.006332899909466505,-0.059450507164001465
1,10,0.001,20,True,0.1,1.0,1.0,1.0,fixed,True,0.00022,0.00015,True,2,2.039363384246826,1250,grid_search_results/policies/policy_combo1_seed2.pt,True,1250,grid_search_results/policies/policy_combo1_seed2.pt,1.2506662607192993,1.1574803590774536,0.0005015297792851925,0.00636582775041461,-0.059471726417541504
1,10,0.001,20,True,0.1,1.0,1.0,1.0,fixed,True,0.00022,0.00015,True,3,2.019197463989258,1045,grid_search_results/policies/policy_combo1_seed3.pt,True,1045,grid_search_results/policies/policy_combo1_seed3.pt,1.393204689025879,1.1742894649505615,0.0005550619680434465,0.0063244993798434734,-0.05869549512863159
1,10,0.001,20,True,0.1,1.0,1.0,1.0,fixed,True,0.00022,0.00015,True,5,2.1604387760162354,1160,grid_search_results/policies/policy_combo1_seed5.pt,True,1160,grid_search_results/policies/policy_combo1_seed5.pt,1.3639039993286133,1.170067310333252,0.0005416158237494528,0.006303868256509304,-0.05764800310134888
1,10,0.001,20,True,0.1,1.0,1.0,1.0,fixed,True,0.00022,0.00015,True,4,2.19272518157959,1500,grid_search_results/policies/policy_combo1_seed4.pt,True,1500,grid_search_results/policies/policy_combo1_seed4.pt,1.3243334293365479,1.1661518812179565,0.0005291462875902653,0.006342756096273661,-0.058148860931396484
1,10,0.001,20,True,0.1,1.0,1.0,1.0,fixed,True,0.00022,0.00015,True,7,1.901483416557312,1770,grid_search_results/policies/policy_combo1_seed7.pt,True,1770,grid_search_results/policies/policy_combo1_seed7.pt,1.0868903398513794,1.1449717283248901,0.00046169335837475955,0.0067432234063744545,-0.0639844536781311
1,10,0.001,20,True,0.1,1.0,1.0,1.0,fixed,True,0.00022,0.00015,True,6,2.1418914794921875,2555,grid_search_results/policies/policy_combo1_seed6.pt,True,2555,grid_search_results/policies/policy_combo1_seed6.pt,1.522396206855774,1.1957955360412598,0.0006235525943338871,0.006501970812678337,-0.05757373571395874
1,10,0.001,20,True,0.1,1.0,1.0,1.0,fixed,True,0.00022,0.00015,True,8,2.2260286808013916,1405,grid_search_results/policies/policy_combo1_seed8.pt,True,1405,grid_search_results/policies/policy_combo1_seed8.pt,1.310977578163147,1.1647074222564697,0.0005245458451099694,0.0063516683876514435,-0.05511760711669922
1,10,0.001,20,True,0.1,1.0,1.0,1.0,fixed,True,0.00022,0.00015,True,9,1.935018539428711,705,grid_search_results/policies/policy_combo1_seed9.pt,True,705,grid_search_results/policies/policy_combo1_seed9.pt,1.3315658569335938,1.1645146608352661,0.0005239321617409587,0.006246143952012062,-0.059240877628326416
1,10,0.001,20,True,0.1,1.0,1.0,1.0,fixed,True,0.00022,0.00015,True,10,2.103485584259033,1560,grid_search_results/policies/policy_combo1_seed10.pt,True,1560,grid_search_results/policies/policy_combo1_seed10.pt,1.2568528652191162,1.1626269817352295,0.0005179202416911721,0.006541511043906212,-0.06694698333740234
1,10,0.001,20,True,0.1,1.0,1.0,1.0,fixed,True,0.00022,0.00015,True,11,2.085942506790161,1255,grid_search_results/policies/policy_combo1_seed11.pt,True,1255,grid_search_results/policies/policy_combo1_seed11.pt,1.3115791082382202,1.1672887802124023,0.0005327666294761002,0.0064482539892196655,-0.06086629629135132
1,10,0.001,20,True,0.1,1.0,1.0,1.0,fixed,True,0.00022,0.00015,True,12,1.9496519565582275,990,grid_search_results/policies/policy_combo1_seed12.pt,True,990,grid_search_results/policies/policy_combo1_seed12.pt,1.359861135482788,1.1698073148727417,0.0005407877033576369,0.00631294259801507,-0.05933254957199097
1,10,0.001,20,True,0.1,1.0,1.0,1.0,fixed,True,0.00022,0.00015,True,13,1.9678817987442017,1410,grid_search_results/policies/policy_combo1_seed13.pt,True,1410,grid_search_results/policies/policy_combo1_seed13.pt,1.3384989500045776,1.1661120653152466,0.0005290193948894739,0.006274125073105097,-0.057311952114105225
1,10,0.001,20,True,0.1,1.0,1.0,1.0,fixed,True,0.00022,0.00015,True,14,1.9816769361495972,1035,grid_search_results/policies/policy_combo1_seed14.pt,True,1035,grid_search_results/policies/policy_combo1_seed14.pt,1.257249355316162,1.1577788591384888,0.000502480601426214,0.00634450139477849,-0.06273478269577026
1,10,0.001,20,True,0.1,1.0,1.0,1.0,fixed,True,0.00022,0.00015,True,15,2.079336166381836,4140,grid_search_results/policies/policy_combo1_seed15.pt,True,4140,grid_search_results/policies/policy_combo1_seed15.pt,1.4311871528625488,1.195521354675293,0.0006226793047972023,0.006906653288751841,-0.06272333860397339
1,10,0.001,20,True,0.1,1.0,1.0,1.0,fixed,True,0.00022,0.00015,True,16,2.1816771030426025,1420,grid_search_results/policies/policy_combo1_seed16.pt,True,1420,grid_search_results/policies/policy_combo1_seed16.pt,1.4124382734298706,1.1817734241485596,0.000578896258957684,0.006506251636892557,-0.06144511699676514
1,10,0.001,20,True,0.1,1.0,1.0,1.0,fixed,True,0.00022,0.00015,True,17,2.0473129749298096,6090,grid_search_results/policies/policy_combo1_seed17.pt,True,6090,grid_search_results/policies/policy_combo1_seed17.pt,1.3950526714324951,1.1845299005508423,0.0005876749637536705,0.006687229033559561,-0.06837397813796997
1,10,0.001,20,True,0.1,1.0,1.0,1.0,fixed,True,0.00022,0.00015,True,18,1.892103672027588,965,grid_search_results/policies/policy_combo1_seed18.pt,True,965,grid_search_results/policies/policy_combo1_seed18.pt,1.3740217685699463,1.170204520225525,0.0005420527304522693,0.006262496579438448,-0.058242976665496826
1,10,0.001,20,True,0.1,1.0,1.0,1.0,fixed,True,0.00022,0.00015,True,19,1.908128023147583,1105,grid_search_results/policies/policy_combo1_seed19.pt,True,1105,grid_search_results/policies/policy_combo1_seed19.pt,1.2961318492889404,1.160902976989746,0.0005124296876601875,0.0062760254368186,-0.05869978666305542
1,10,0.001,20,True,0.1,1.0,1.0,1.0,fixed,True,0.00022,0.00015,True,20,2.5536417961120605,2785,grid_search_results/policies/policy_combo1_seed20.pt,True,2785,grid_search_results/policies/policy_combo1_seed20.pt,1.802760124206543,1.2306588888168335,0.0007345823687501252,0.006468479055911303,-0.05733156204223633
1,10,0.001,20,True,0.1,1.0,1.0,1.0,fixed,True,0.00022,0.00015,True,21,2.065791606903076,1990,grid_search_results/policies/policy_combo1_seed21.pt,True,1990,grid_search_results/policies/policy_combo1_seed21.pt,1.3778800964355469,1.1749001741409302,0.0005570068024098873,0.006417245604097843,-0.057126760482788086
1,10,0.001,20,True,0.1,1.0,1.0,1.0,fixed,True,0.00022,0.00015,True,22,2.151308298110962,1400,grid_search_results/policies/policy_combo1_seed22.pt,True,1400,grid_search_results/policies/policy_combo1_seed22.pt,1.2699369192123413,1.159690022468567,0.0005085670272819698,0.006357196718454361,-0.05706292390823364
1,10,0.001,20,True,0.1,1.0,1.0,1.0,fixed,True,0.00022,0.00015,True,23,2.2922017574310303,3540,grid_search_results/policies/policy_combo1_seed23.pt,True,3540,grid_search_results/policies/policy_combo1_seed23.pt,1.6025149822235107,1.2027994394302368,0.0006458582356572151,0.006397859659045935,-0.054623961448669434
1,10,0.001,20,True,0.1,1.0,1.0,1.0,fixed,True,0.00022,0.00015,True,24,1.9741898775100708,5005,grid_search_results/policies/policy_combo1_seed24.pt,True,5005,grid_search_results/policies/policy_combo1_seed24.pt,1.170141577720642,1.1505112648010254,0.00047933513997122645,0.006502801086753607,-0.06597244739532471
1,10,0.001,20,True,0.1,1.0,1.0,1.0,fixed,True,0.00022,0.00015,True,25,2.105306386947632,1330,grid_search_results/policies/policy_combo1_seed25.pt,True,1330,grid_search_results/policies/policy_combo1_seed25.pt,1.2870813608169556,1.1614491939544678,0.0005141693982295692,0.006341614294797182,-0.05811280012130737
1,10,0.001,20,True,0.1,1.0,1.0,1.0,fixed,True,0.00022,0.00015,True,26,2.13130784034729,5765,grid_search_results/policies/policy_combo1_seed26.pt,True,5765,grid_search_results/policies/policy_combo1_seed26.pt,1.236472487449646,1.163312554359436,0.000520103785675019,0.0066773658618330956,-0.06259864568710327
1,10,0.001,20,True,0.1,1.0,1.0,1.0,fixed,True,0.00022,0.00015,True,27,2.0218777656555176,1605,grid_search_results/policies/policy_combo1_seed27.pt,True,1605,grid_search_results/policies/policy_combo1_seed27.pt,1.2892826795578003,1.1617645025253296,0.0005151734803803265,0.006343149580061436,-0.05851632356643677
1,10,0.001,20,True,0.1,1.0,1.0,1.0,fixed,True,0.00022,0.00015,True,28,1.8493739366531372,765,grid_search_results/policies/policy_combo1_seed28.pt,True,765,grid_search_results/policies/policy_combo1_seed28.pt,1.337323546409607,1.164891242980957,0.0005251314723864198,0.0062334886752069,-0.058454692363739014
1,10,0.001,20,True,0.1,1.0,1.0,1.0,fixed,True,0.00022,0.00015,True,30,2.27632999420166,4755,grid_search_results/policies/policy_combo1_seed30.pt,True,4755,grid_search_results/policies/policy_combo1_seed30.pt,1.6568881273269653,1.2242343425750732,0.0007141222013160586,0.006841935683041811,-0.0621640682220459
1,10,0.001,20,True,0.1,1.0,1.0,1.0,fixed,True,0.00022,0.00015,True,29,2.0485479831695557,870,grid_search_results/policies/policy_combo1_seed29.pt,True,870,grid_search_results/policies/policy_combo1_seed29.pt,1.292073130607605,1.1591336727142334,0.0005067951860837638,0.006226514000445604,-0.06079763174057007
1,10,0.001,20,True,0.1,1.0,1.0,1.0,fixed,True,0.00022,0.00015,True,31,1.9017393589019775,775,grid_search_results/policies/policy_combo1_seed31.pt,True,775,grid_search_results/policies/policy_combo1_seed31.pt,1.2513487339019775,1.1549084186553955,0.0004933389136567712,0.006258447654545307,-0.061070263385772705
1,10,0.001,20,True,0.1,1.0,1.0,1.0,fixed,True,0.00022,0.00015,True,32,2.2178540229797363,2555,grid_search_results/policies/policy_combo1_seed32.pt,True,2555,grid_search_results/policies/policy_combo1_seed32.pt,1.4088858366012573,1.1868195533752441,0.0005949665210209787,0.006703727878630161,-0.06291288137435913
1,10,0.001,20,True,0.1,1.0,1.0,1.0,fixed,True,0.00022,0.00015,True,33,2.611182451248169,9225,grid_search_results/policies/policy_combo1_seed33.pt,True,9225,grid_search_results/policies/policy_combo1_seed33.pt,1.2489150762557983,1.171703577041626,0.000546826864592731,0.006950508803129196,-0.061690330505371094
1,10,0.001,20,True,0.1,1.0,1.0,1.0,fixed,True,0.00022,0.00015,True,34,2.1211252212524414,1075,grid_search_results/policies/policy_combo1_seed34.pt,True,1075,grid_search_results/policies/policy_combo1_seed34.pt,1.3876820802688599,1.1731419563293457,0.0005514075746759772,0.006307864096015692,-0.05837559700012207
1,10,0.001,20,True,0.1,1.0,1.0,1.0,fixed,True,0.00022,0.00015,True,35,2.10471773147583,1525,grid_search_results/policies/policy_combo1_seed35.pt,True,1525,grid_search_results/policies/policy_combo1_seed35.pt,1.3930387496948242,1.1746124029159546,0.0005560906138271093,0.006336974445730448,-0.0599861741065979
1,10,0.001,20,True,0.1,1.0,1.0,1.0,fixed,True,0.00022,0.00015,True,37,2.0117838382720947,1335,grid_search_results/policies/policy_combo1_seed37.pt,True,1335,grid_search_results/policies/policy_combo1_seed37.pt,1.4754959344863892,1.1864103078842163,0.0005936635425314307,0.0063870744779706,-0.056627631187438965
1,10,0.001,20,True,0.1,1.0,1.0,1.0,fixed,True,0.00022,0.00015,True,36,2.244575262069702,1390,grid_search_results/policies/policy_combo1_seed36.pt,True,1390,grid_search_results/policies/policy_combo1_seed36.pt,1.3412246704101562,1.1686716079711914,0.0005371706211008132,0.006357850506901741,-0.05968958139419556
1,10,0.001,20,True,0.1,1.0,1.0,1.0,fixed,True,0.00022,0.00015,True,38,2.0390119552612305,1375,grid_search_results/policies/policy_combo1_seed38.pt,True,1375,grid_search_results/policies/policy_combo1_seed38.pt,1.2866805791854858,1.1642520427703857,0.0005230957176536322,0.006453718990087509,-0.05889695882797241
1,10,0.001,20,True,0.1,1.0,1.0,1.0,fixed,True,0.00022,0.00015,True,39,2.4969797134399414,4720,grid_search_results/policies/policy_combo1_seed39.pt,True,4720,grid_search_results/policies/policy_combo1_seed39.pt,1.2022123336791992,1.158835530281067,0.0005058456445112824,0.006679384503513575,-0.07428795099258423
1,10,0.001,20,True,0.1,1.0,1.0,1.0,fixed,True,0.00022,0.00015,True,40,2.352508783340454,4880,grid_search_results/policies/policy_combo1_seed40.pt,True,4880,grid_search_results/policies/policy_combo1_seed40.pt,1.5838431119918823,1.2035568952560425,0.0006482702447101474,0.006497459020465612,-0.0585976243019104
1,10,0.001,20,True,0.1,1.0,1.0,1.0,fixed,True,0.00022,0.00015,True,41,1.954658031463623,1620,grid_search_results/policies/policy_combo1_seed41.pt,True,1620,grid_search_results/policies/policy_combo1_seed41.pt,1.2657020092010498,1.1601976156234741,0.0005101836286485195,0.0063987430185079575,-0.061646103858947754
1,10,0.001,20,True,0.1,1.0,1.0,1.0,fixed,True,0.00022,0.00015,True,42,2.068220853805542,1070,grid_search_results/policies/policy_combo1_seed42.pt,True,1070,grid_search_results/policies/policy_combo1_seed42.pt,1.289858102798462,1.1616498231887817,0.0005148084601387382,0.0063358270563185215,-0.05997544527053833
1,10,0.001,20,True,0.1,1.0,1.0,1.0,fixed,True,0.00022,0.00015,True,43,2.1819729804992676,1720,grid_search_results/policies/policy_combo1_seed43.pt,True,1720,grid_search_results/policies/policy_combo1_seed43.pt,1.0893120765686035,1.141165018081665,0.00044957001227885485,0.006551558617502451,-0.05971306562423706
1,10,0.001,20,True,0.1,1.0,1.0,1.0,fixed,True,0.00022,0.00015,True,44,1.8724727630615234,1125,grid_search_results/policies/policy_combo1_seed44.pt,True,1125,grid_search_results/policies/policy_combo1_seed44.pt,1.3308199644088745,1.1654090881347656,0.0005267806118354201,0.006283622235059738,-0.057596683502197266
1,10,0.001,20,True,0.1,1.0,1.0,1.0,fixed,True,0.00022,0.00015,True,45,2.097898006439209,2335,grid_search_results/policies/policy_combo1_seed45.pt,True,2335,grid_search_results/policies/policy_combo1_seed45.pt,1.2516515254974365,1.1637020111083984,0.0005213441327214241,0.006612119264900684,-0.0628620982170105
1,10,0.001,20,True,0.1,1.0,1.0,1.0,fixed,True,0.00022,0.00015,True,46,1.9957340955734253,1660,grid_search_results/policies/policy_combo1_seed46.pt,True,1660,grid_search_results/policies/policy_combo1_seed46.pt,1.2299888134002686,1.1615976095199585,0.0005146420444361866,0.006642074324190617,-0.07071292400360107
1,10,0.001,20,True,0.1,1.0,1.0,1.0,fixed,True,0.00022,0.00015,True,47,2.1344683170318604,4575,grid_search_results/policies/policy_combo1_seed47.pt,True,4575,grid_search_results/policies/policy_combo1_seed47.pt,1.1902490854263306,1.1601076126098633,0.0005098968977108598,0.006800551898777485,-0.06077837944030762
1,10,0.001,20,True,0.1,1.0,1.0,1.0,fixed,True,0.00022,0.00015,True,48,2.2395284175872803,1535,grid_search_results/policies/policy_combo1_seed48.pt,True,1535,grid_search_results/policies/policy_combo1_seed48.pt,1.4475735425949097,1.179384469985962,0.0005712879355996847,0.006264897994697094,-0.05829954147338867
1,10,0.001,20,True,0.1,1.0,1.0,1.0,fixed,True,0.00022,0.00015,True,49,2.0601115226745605,6220,grid_search_results/policies/policy_combo1_seed49.pt,True,6220,grid_search_results/policies/policy_combo1_seed49.pt,1.282236099243164,1.1811628341674805,0.0005769517156295478,0.007142844144254923,-0.07121819257736206
